Adam Trautman,DEN,"$3,000,000",ATrautmanDEN
Alex Forsyth,DEN,"$934,446",AForsythDEN
Alex Palczewski,DEN,"$801,666",APalczewskiDEN
Alex Singleton,DEN,"$7,333,333",ASingletonDEN
Andre Smith,DEN,"$985,000",ASmithDEN
Angelo Blackson,DEN,"$1,152,500",ABlacksonDEN
Art Green,DEN,"$795,000",AGreenDEN
Audric Estime,DEN,"$879,781",AEstimeDEN
Baron Browning,DEN,"$3,326,154",BBrowningDEN
Ben Powers,DEN,"$6,550,000",BPowersDEN
Blake Watson,DEN,"$803,333",BWatsonDEN
Bo Nix,DEN,"$3,384,212",BNixDEN
Brandon Johnson,DEN,"$985,000",BJohnsonDEN
Brandon Jones,DEN,"$3,318,333",BJonesDEN
Brandon Matterson,DEN,"$797,833",BMattersonDEN
Caden Sterns,DEN,"$1,137,646",CSternsDEN
Calvin Throckmorton,DEN,"$1,055,000",CThrockmortonDEN
Cody Barton,DEN,"$2,460,000",CBartonDEN
Courtland Sutton,DEN,"$17,395,588",CSuttonDEN
D.J. Jones,DEN,"$12,958,334",DJonesDEN
Damarri Mathis,DEN,"$1,179,740",DMathisDEN
David Sills,DEN,"$1,055,000",DSillsDEN
DeVaughn Vele,DEN,"$821,120",DVeleDEN
Delarrin Turner-Yell,DEN,"$1,068,262",DTurner-YellDEN
Demontrey Jacobs,DEN,"$795,000",DJacobsDEN
Devon Key,DEN,"$795,000",DKeyDEN
Dondrea Tillman,DEN,"$798,333",DTillmanDEN
Drew Sanders,DEN,"$1,303,348",DSandersDEN
Durell Nchami,DEN,"$795,000",DNchamiDEN
Elijah Garcia,DEN,"$985,000",EGarciaDEN
Eyioma Uwazurike,DEN,"$1,176,468",EUwazurikeDEN
Frank Crum,DEN,"$803,333",FCrumDEN
Garett Bolles,DEN,"$20,000,000",GBollesDEN
Greg Dulcich,DEN,"$1,434,311",GDulcichDEN
J.L. Skinner,DEN,"$964,056",JSkinnerDEN
Ja'Quan McMillian,DEN,"$915,000",JMcMillianDEN
Jaleel McLaughlin,DEN,"$920,000",JMcLaughlinDEN
Jalen Virgil,DEN,"$919,168",JVirgilDEN
Jarrett Stidham,DEN,"$7,000,000",JStidhamDEN
Javonte Williams,DEN,"$2,820,922",JWilliamsDEN
Jaylon Allen,DEN,"$798,333",JAllenDEN
John Franklin-Myers,DEN,"$5,000,000",JFranklin-MyersDEN
Jonah Elliss,DEN,"$1,067,402",JEllissDEN
Jonas Griffith,DEN,"$985,000",JGriffithDEN
Jonathon Cooper,DEN,"$3,141,168",JCooperDEN
Jordan Jackson,DEN,"$795,000",JJacksonDEN
Jordan Miller,DEN,"$800,000",JMillerDEN
Josh Reynolds,DEN,"$3,500,000",JReynoldsDEN
Justin Strnad,DEN,"$1,305,000",JStrnadDEN
Keidron Smith,DEN,"$795,000",KSmithDEN
Kris Abrams-Draine,DEN,"$882,068",KAbrams-DraineDEN
Levelle Bailey,DEN,"$800,000",LBaileyDEN
Levi Wallace,DEN,"$1,152,500",LWallaceDEN
Lil'Jordan Humphrey,DEN,"$985,000",LHumphreyDEN
Lucas Krull,DEN,"$915,000",LKrullDEN
Luke Wattenberg,DEN,"$1,056,929",LWattenbergDEN
Malcolm Roach,DEN,"$2,855,000",MRoachDEN
Marvin Mims,DEN,"$1,379,235",MMimsDEN
Matt Henningsen,DEN,"$1,025,520",MHenningsenDEN
Matt Peart,DEN,"$1,152,500",MPeartDEN
Michael Bandy,DEN,"$915,000",MBandyDEN
Michael Burton,DEN,"$1,152,500",MBurtonDEN
Mike McGlinchey,DEN,"$7,400,000",MMcGlincheyDEN
Mitchell Fraboni,DEN,"$985,000",MFraboniDEN
Nate Adkins,DEN,"$918,333",NAdkinsDEN
Nick Gargiulo,DEN,"$815,184",NGargiuloDEN
Nik Bonitto,DEN,"$1,582,333",NBonittoDEN
Omar Brown,DEN,"$801,666",OBrownDEN
P.J. Locke,DEN,"$2,425,000",PLockeDEN
Patrick Surtain II,DEN,"$6,669,983",PSurtainDEN
Phillip Dorsett,DEN,"$985,000",PDorsettDEN
Quinn Bailey,DEN,"$1,055,000",QBaileyDEN
Quinn Meinerz,DEN,"$3,576,154",QMeinerzDEN
Quinton Newsome,DEN,"$800,000",QNewsomeDEN
Reese Taylor,DEN,"$795,000",RTaylorDEN
Riley Dixon,DEN,"$2,035,000",RDixonDEN
Riley Moss,DEN,"$1,238,066",RMossDEN
Ronnie Perkins,DEN,"$985,000",RPerkinsDEN
Sam Mustipher,DEN,"$985,000",SMustipherDEN
Samaje Perine,DEN,"$4,500,000",SPerineDEN
Tanner McCalister,DEN,"$925,000",TMcCalisterDEN
Thomas Incoom,DEN,"$921,666",TIncoomDEN
Thomas Yassmin,DEN,"$799,000",TYassminDEN
Tim Patrick,DEN,"$7,196,668",TPatrickDEN
Tremon Smith,DEN,"$3,200,000",TSmithDEN
Trenton Gill,DEN,"$985,000",TGillDEN
Troy Franklin,DEN,"$1,008,709",TFranklinDEN
Tyler Badie,DEN,"$795,000",TBadieDEN
Wil Lutz,DEN,"$2,860,000",WLutzDEN
William Sherman,DEN,"$795,000",WShermanDEN
Zach Allen,DEN,"$7,700,000",ZAllenDEN
Zach Wilson,DEN,"$2,726,637",ZWilsonDEN
