A.J. Arcuri,LAR,Los Angeles Rams,"$915,000"
Aaron Donald,LAR,Los Angeles Rams,"$25,043,334"
Alaric Jackson,LAR,Los Angeles Rams,"$4,890,000"
Alex Ward,LAR,Los Angeles Rams,"$916,666"
Anthony Goodlow,LAR,Los Angeles Rams,"$801,666"
Beaux Limmer,LAR,Los Angeles Rams,"$829,597"
Blake Corum,LAR,Los Angeles Rams,"$1,047,957"
Blake Larson,LAR,Los Angeles Rams,"$797,500"
Bobby Brown III,LAR,Los Angeles Rams,"$1,244,133"
Boston Scott,LAR,Los Angeles Rams,"$1,085,000"
Braden Fiske,LAR,Los Angeles Rams,"$1,710,931"
Brennan Jackson,LAR,Los Angeles Rams,"$877,342"
Byron Young,LAR,Los Angeles Rams,"$1,262,554"
Cam Lampkin,LAR,Los Angeles Rams,"$796,666"
Cameron McCutcheon,LAR,Los Angeles Rams,"$795,000"
Charles Woods,LAR,Los Angeles Rams,"$795,666"
Christian Rozeboom,LAR,Los Angeles Rams,"$1,400,000"
Cobie Durant,LAR,Los Angeles Rams,"$1,111,084"
Colby Parkinson,LAR,Los Angeles Rams,"$3,583,333"
Cooper Kupp,LAR,Los Angeles Rams,"$29,780,000"
Cory Durden,LAR,Los Angeles Rams,"$915,000"
Darious Williams,LAR,Los Angeles Rams,"$4,666,666"
David Olajiga,LAR,Los Angeles Rams,"$796,000"
Davis Allen,LAR,Los Angeles Rams,"$976,245"
Demarcus Robinson,LAR,Los Angeles Rams,"$4,000,000"
Derion Kendrick,LAR,Los Angeles Rams,"$1,018,003"
Desjuan Johnson,LAR,Los Angeles Rams,"$934,446"
Drake Stoops,LAR,Los Angeles Rams,"$797,666"
Dresser Winn,LAR,Los Angeles Rams,"$795,000"
Eli Neal,LAR,Los Angeles Rams,"$798,000"
Ernest Jones,LAR,Los Angeles Rams,"$3,326,154"
Ethan Evans,LAR,Los Angeles Rams,"$942,000"
Grant Miller,LAR,Los Angeles Rams,"$795,000"
Hunter Long,LAR,Los Angeles Rams,"$1,337,550"
J.J. Laap,LAR,Los Angeles Rams,"$795,666"
Jake Hummel,LAR,Los Angeles Rams,"$986,668"
Jared Verse,LAR,Los Angeles Rams,"$2,751,699"
Jason Taylor II,LAR,Los Angeles Rams,"$939,508"
Jaylen Mccollough,LAR,Los Angeles Rams,"$800,000"
Jimmy Garoppolo,LAR,Los Angeles Rams,"$3,178,750"
John Johnson,LAR,Los Angeles Rams,"$1,152,500"
Jonah Jackson,LAR,Los Angeles Rams,"$13,666,665"
Jordan Whittington,LAR,Los Angeles Rams,"$829,597"
Joseph Noteboom,LAR,Los Angeles Rams,"$11,617,647"
Josh Wallace,LAR,Los Angeles Rams,"$815,000"
Joshua Karty,LAR,Los Angeles Rams,"$829,597"
Justin Dedich,LAR,Los Angeles Rams,"$797,500"
K.T. Leveston,LAR,Los Angeles Rams,"$815,184"
Kamren Curl,LAR,Los Angeles Rams,"$4,235,294"
Kamren Kinchens,LAR,Los Angeles Rams,"$1,017,511"
Keir Thomas,LAR,Los Angeles Rams,"$985,000"
Kenny Logan,LAR,Los Angeles Rams,"$798,333"
Kevin Dotson,LAR,Los Angeles Rams,"$12,666,666"
Kobie Turner,LAR,Los Angeles Rams,"$1,225,334"
Kyren Williams,LAR,Los Angeles Rams,"$1,062,602"
Larrell Murchison,LAR,Los Angeles Rams,"$1,035,000"
Logan Bruss,LAR,Los Angeles Rams,"$795,000"
Matt Stafford,LAR,Los Angeles Rams,"$49,500,000"
Michael Hoecht,LAR,Los Angeles Rams,"$2,985,000"
Mike McAllister,LAR,Los Angeles Rams,"$795,000"
Miller Forristall,LAR,Los Angeles Rams,"$985,000"
Neal Johnson,LAR,Los Angeles Rams,"$798,333"
Nick Hampton,LAR,Los Angeles Rams,"$989,777"
Nikola Kalinic,LAR,Los Angeles Rams,"$915,000"
Ochaun Mathis,LAR,Los Angeles Rams,"$960,617"
Olakunle Fatukasi,LAR,Los Angeles Rams,"$915,000"
Omar Speights,LAR,Los Angeles Rams,"$798,000"
Puka Nacua,LAR,Los Angeles Rams,"$976,245"
Quentin Lake,LAR,Los Angeles Rams,"$1,018,003"
Rob Havenstein,LAR,Los Angeles Rams,"$14,703,294"
Ronnie Rivers,LAR,Los Angeles Rams,"$985,000"
Russ Yeast,LAR,Los Angeles Rams,"$1,004,253"
Sam Wiglusz,LAR,Los Angeles Rams,"$796,000"
Shaun Jolly,LAR,Los Angeles Rams,"$985,000"
Stetson Bennett,LAR,Los Angeles Rams,"$969,783"
Steve Avila,LAR,Los Angeles Rams,"$2,102,888"
Tanner Brown,LAR,Los Angeles Rams,"$795,000"
Tanner Ingle,LAR,Los Angeles Rams,"$795,000"
Tre Tomlinson,LAR,Los Angeles Rams,"$964,963"
Tre'Davious White,LAR,Los Angeles Rams,"$3,485,294"
Troy Reeder,LAR,Los Angeles Rams,"$985,000"
Tuli Letuligasenoa,LAR,Los Angeles Rams,"$798,333"
Tutu Atwell,LAR,Los Angeles Rams,"$1,880,040"
Tyler Davis,LAR,Los Angeles Rams,"$840,638"
Tyler Higbee,LAR,Los Angeles Rams,"$12,608,639"
Tyler Johnson,LAR,Los Angeles Rams,"$1,130,000"
Warren McClendon,LAR,Los Angeles Rams,"$976,245"
Xavier Smith,LAR,Los Angeles Rams,"$795,000"
Zach Evans,LAR,Los Angeles Rams,"$948,333"
Zach VanValkenburg,LAR,Los Angeles Rams,"$915,000"
Zachary Thomas,LAR,Los Angeles Rams,"$985,000"
