Amani Hooker,TEN,"$9,317,647",AHookerTEN
Andrew Rupcich,TEN,"$915,000",ARupcichTEN
Anthony Kendall,TEN,"$915,000",AKendallTEN
Arden Key,TEN,"$4,220,000",AKeyTEN
Brayden Narveson,TEN,"$796,666",BNarvesonTEN
Brian Dooley,TEN,"$798,333",BDooleyTEN
Bryce Oliver,TEN,"$795,000",BOliverTEN
Caleb Farley,TEN,"$4,294,018",CFarleyTEN
Caleb Murphy,TEN,"$916,666",CMurphyTEN
Calvin Ridley,TEN,"$10,000,000",CRidleyTEN
Cedric Gray,TEN,"$1,003,623",CGrayTEN
Chance Campbell,TEN,"$915,000",CCampbellTEN
Chidobe Awuzie,TEN,"$6,940,000",CAwuzieTEN
Chigoziem Okonkwo,TEN,"$1,111,084",COkonkwoTEN
Cole Spencer,TEN,"$798,333",CSpencerTEN
Colton Dowell,TEN,"$940,674",CDowellTEN
Daniel Brunskill,TEN,"$3,831,765",DBrunskillTEN
David Martin-Robinson,TEN,"$797,500",DMartin-RobinsonTEN
DeAndre Hopkins,TEN,"$18,313,000",DHopkinsTEN
Dillon Johnson,TEN,"$800,000",DJohnsonTEN
Dillon Radunz,TEN,"$2,013,096",DRadunzTEN
Elijah Molden,TEN,"$3,326,154",EMoldenTEN
Eric Garror,TEN,"$915,000",EGarrorTEN
Gabe Jeudy-Lally,TEN,"$798,333",GJeudy-LallyTEN
Garret Wallow,TEN,"$1,055,000",GWallowTEN
Geron Christian,TEN,"$1,060,000",GChristianTEN
Harold Landry,TEN,"$23,800,000",HLandryTEN
Hassan Haskins,TEN,"$1,158,052",HHaskinsTEN
Isaiah Iton,TEN,"$800,000",IItonTEN
J.C. Latham,TEN,"$4,735,489",JLathamTEN
Jabari Small,TEN,"$796,666",JSmallTEN
Jack Gibbens,TEN,"$985,000",JGibbensTEN
Jaelyn Duncan,TEN,"$962,452",JDuncanTEN
Jamal Adams,TEN,"$1,152,500",JAdamsTEN
James Williams,TEN,"$817,373",JWilliamsTEN
Jarvis Brownlee,TEN,"$880,509",JBrownleeTEN
Jaylen Harrell,TEN,"$815,184",JHarrellTEN
Jeffery Simmons,TEN,"$21,652,941",JSimmonsTEN
Jha'Quan Jackson,TEN,"$845,917",JJacksonTEN
JoJo Domann,TEN,"$985,000",JDomannTEN
John Ojukwu,TEN,"$915,000",JOjukwuTEN
Josh Whyle,TEN,"$996,342",JWhyleTEN
Julius Chestnut,TEN,"$985,000",JChestnutTEN
Kearis Jackson,TEN,"$795,000",KJacksonTEN
Keaton Ellis,TEN,"$796,666",KEllisTEN
Kenneth Murray,TEN,"$5,440,000",KMurrayTEN
Keondre Coburn,TEN,"$915,000",KCoburnTEN
Khalid Duke,TEN,"$799,166",KDukeTEN
Kyle Philips,TEN,"$1,063,332",KPhilipsTEN
L'Jarius Sneed,TEN,"$9,960,000",LSneedTEN
Lachavious Simmons,TEN,"$985,000",LSimmonsTEN
Leroy Watson,TEN,"$915,000",LWatsonTEN
Lloyd Cushenberry,TEN,"$6,425,000",LCushenberryTEN
Luke Gifford,TEN,"$2,160,000",LGiffordTEN
Malik Willis,TEN,"$1,407,300",MWillisTEN
Marlon Davidson,TEN,"$1,055,000",MDavidsonTEN
Mason Kinsey,TEN,"$915,000",MKinseyTEN
Mason Rudolph,TEN,"$2,750,000",MRudolphTEN
Matt Jackson,TEN,"$915,000",MJacksonTEN
Mike Brown,TEN,"$985,000",MBrownTEN
Morgan Cox,TEN,"$1,152,500",MCoxTEN
Nicholas Petit-Frere,TEN,"$1,440,104",NPetit-FrereTEN
Nick Folk,TEN,"$3,755,000",NFolkTEN
Nick Vannett,TEN,"$985,000",NVannettTEN
Nick Westbrook-Ikhine,TEN,"$1,292,500",NWestbrook-IkhineTEN
Otis Reese,TEN,"$915,000",OReeseTEN
Peter Skoronski,TEN,"$4,471,209",PSkoronskiTEN
Quinton Bohanna,TEN,"$1,055,000",QBohannaTEN
Rashad Weaver,TEN,"$1,219,916",RWeaverTEN
Robert Javier,TEN,"$795,833",RJavierTEN
Roger McCreary,TEN,"$2,499,713",RMcCrearyTEN
Ryan Stonehouse,TEN,"$988,334",RStonehouseTEN
Saahdiq Charles,TEN,"$1,500,000",SCharlesTEN
Sam Schnee,TEN,"$795,000",SSchneeTEN
Sebastian Joseph-Day,TEN,"$3,975,000",SJoseph-DayTEN
Shyheim Carter,TEN,"$915,000",SCarterTEN
Steven Stilianos,TEN,"$796,666",SStilianosTEN
T'Vondre Sweat,TEN,"$1,736,807",TSweatTEN
TK McLendon,TEN,"$915,000",TMcLendonTEN
Tay Gowan,TEN,"$985,000",TGowanTEN
Thomas Odukoya,TEN,"$795,000",TOdukoyaTEN
Thomas Rush,TEN,"$795,000",TRushTEN
Tony Pollard,TEN,"$4,000,000",TPollardTEN
Tre Avery,TEN,"$985,000",TAveryTEN
Tre'Shaun Harrison,TEN,"$795,000",THarrisonTEN
Treylon Burks,TEN,"$3,918,979",TBurksTEN
Ty Zentner,TEN,"$915,000",TZentnerTEN
Tyjae Spears,TEN,"$1,247,864",TSpearsTEN
Tyler Boyd,TEN,"$2,400,000",TBoydTEN
Will Levis,TEN,"$2,168,673",WLevisTEN
